test,chain_length,core_area,hold_ws_basic,hold_ws_fault,hold_ws_opt,hold_ws_skip,routing_time_basic,routing_time_fault,routing_time_opt,routing_time_skip,scannable_element_density,setup_ws_basic,setup_ws_fault,setup_ws_opt,setup_ws_skip,twl_after,twl_before,twl_internal_after,twl_internal_before,twl_internal_reduction_pct,twl_reduction_pct,ys_cell_count
s1196,28,4000.09,-0.005450612337975435,-0.007865680551745332,-0.00562597206967449,0.10553208605694178,00:00:50.769,00:00:45.911,00:00:44.967,00:00:41.268,0.00699984250354367,-3.5109747214422597,-3.2160612860890496,-3.5719614943557927,-3.002638223048031,269310,275750,222880,229320,2.8083028083028085,2.3354487760652765,539
s1196a,46,7687.37,-0.011962264850593398,-0.006263739704207712,-0.006174755326267356,-0.01335509518552882,00:02:07.271,00:01:50.765,00:02:12.458,00:01:32.411,0.005983841027555588,-6.0348243665983174,-5.214071988417265,-5.45465288376553,-5.505625444713723,569710,796590,512720,610300,15.988857938718661,28.48140197592237,1037
s1196b,46,7687.37,-0.011962264850593398,-0.006263739704207712,-0.006174755326267356,-0.01335509518552882,00:02:07.157,00:01:50.482,00:02:12.749,00:01:32.599,0.005983841027555588,-6.0348243665983174,-5.214071988417265,-5.45465288376553,-5.505625444713723,569710,796590,512720,610300,15.988857938718661,28.48140197592237,1037
s1238,46,7767.45,-0.007686906884149001,-0.007354506101175293,-0.006755929340519733,-0.017840479598596633,00:02:10.724,00:02:17.104,00:02:06.644,00:01:35.804,0.005922149482777488,-5.29288716725366,-4.385659071149644,-5.332732628645154,-5.158070561114504,586830,611510,506260,520060,2.6535399761565976,4.035911105296725,1040
s1238a,46,7767.45,-0.007686906884149001,-0.007354506101175293,-0.006755929340519733,-0.017840479598596633,00:02:04.131,00:02:11.030,00:01:59.074,00:01:31.669,0.005922149482777488,-5.29288716725366,-4.385659071149644,-5.332732628645154,-5.158070561114504,586830,611510,506260,520060,2.6535399761565976,4.035911105296725,1040
s13207,697,62850.3,-0.02228045588867305,-0.014453882944076178,-0.017309432155323757,-0.026708191969556795,00:05:21.203,00:10:48.352,00:05:21.385,00:03:42.943,0.011089843644342191,-6.090837340220861,-8.627115266355279,-6.289389631560266,-5.94553934025439,6482820,7255200,6400160,7038760,9.072620745699526,10.645881574594773,6888
s13207a,697,62850.3,-0.02228045588867305,-0.014453882944076178,-0.017309432155323757,-0.026708191969556795,00:05:32.343,00:10:54.672,00:05:25.526,00:03:50.688,0.011089843644342191,-6.090837340220861,-8.627115266355279,-6.289389631560266,-5.94553934025439,6482820,7255200,6400160,7038760,9.072620745699526,10.645881574594773,6888
s1423,96,11320.9,-0.010100753852557272,-0.004748701566380403,-0.006368850072036823,-0.013878398822985924,00:01:47.820,00:01:22.161,00:01:26.335,00:01:05.043,0.008479891174729925,-7.445788196752398,-6.780883602105383,-7.456929507164213,-7.086283760356577,1132620,1296180,1081360,1126880,4.039471815987506,12.618617784566958,1397
s1423a,96,11320.9,-0.010100753852557272,-0.004748701566380403,-0.006368850072036823,-0.013878398822985924,00:01:40.678,00:01:17.868,00:01:22.145,00:00:58.034,0.008479891174729925,-7.445788196752398,-6.780883602105383,-7.456929507164213,-7.086283760356577,1132620,1296180,1081360,1126880,4.039471815987506,12.618617784566958,1397
s15850,725,74071,-0.014293178156716643,-0.017156554440509196,-0.0203178590813859,-0.02573552555017381,00:09:21.356,00:14:16.392,00:06:38.531,00:06:30.413,0.00978790619810722,-11.30808367839991,-11.406676814845547,-11.171032415293588,-11.64389950749395,6882860,8187940,6806140,7974220,14.648203836864296,15.93905182500116,8421
s15850a,725,74071,-0.014293178156716643,-0.017156554440509196,-0.0203178590813859,-0.02573552555017381,00:09:19.712,00:14:52.803,00:06:39.189,00:06:33.062,0.00978790619810722,-11.30808367839991,-11.406676814845547,-11.171032415293588,-11.64389950749395,6882860,8187940,6806140,7974220,14.648203836864296,15.93905182500116,8421
s27,8,750.72,-0.007517514601376077,0.0019561297579858065,-0.0033626435920867297,0.0546855354256079,00:00:18.133,00:00:16.100,00:00:15.091,00:00:10.814,0.010656436487638534,1.3468093688170983,1.8235342640925332,1.3795533994530376,1.858528938907645,93030,93710,58020,52880,-9.720121028744327,0.725642940988155,97
s298,23,2254.66,-0.006875028518854752,-0.006284362097473365,-0.007655154504746704,-0.010999867994478638,00:00:30.305,00:00:57.099,00:00:33.103,00:00:23.133,0.010201094621805505,4.2796722932401075,4.188285392606514,4.252434524872827,4.306313205692469,260505,314105,220180,235520,6.513247282608696,17.064357460085002,271
s344,35,3578.43,-0.006260547812921642,-0.006456807493650357,-0.0062722606661627,0.0277908814937918,00:00:30.957,00:00:29.977,00:00:34.910,00:00:27.703,0.009780825669357791,4.265955709427537,4.630518322066605,4.21884317200053,4.7078524633462635,376150,425950,341300,353020,3.3199252167016033,11.691513088390657,456
s349,35,3389.5,-0.005957456918626978,-0.009126144542826243,-0.005837497317423541,0.026542158111528345,00:00:34.327,00:00:39.920,00:00:38.616,00:00:30.019,0.010326006785661602,4.03960343276528,4.445571148144945,4.031841641336002,4.539738491400046,399950,406230,328360,337320,2.6562314715996678,1.5459222607882235,422
s35932,2083,219511,-0.01225752867234309,-0.010596190891308163,-0.012892798305000256,0.011052770123098202,00:13:42.266,00:23:04.994,00:13:13.524,00:12:39.142,0.009489273886046713,-3.593171195618083,-4.315593338173166,-3.4730761472018106,-3.1770675878261376,20797270,25293510,20687760,24443080,15.363530291599915,17.776259601771365,24030
s382,30,3002.88,-0.009839490611898326,-0.009572787278264864,-0.010879158992712384,-0.016971730057257533,00:00:43.902,00:00:34.901,00:00:42.909,00:00:33.911,0.009990409207161126,3.728025549341144,2.9496370625318704,3.6651616112844847,3.640925441971472,290820,367060,247340,280740,11.897129016171547,20.770446248569716,365
s38584,1612,184642,-0.015886958864792484,,-0.01736999482302989,-0.018912150159000597,00:16:48.616,,00:22:40.515,00:16:42.510,0.008730408032841933,-11.126733627179771,,-10.726733582770848,-10.72248808980461,16681655,19609155,16589860,19455680,14.72999144722775,14.929251158451242,21576
s386,20,2454.85,-0.009874434882586696,-0.008016032509107438,-0.005107081568865082,0.07160419682078746,00:00:38.600,00:00:30.950,00:00:34.343,00:00:26.596,0.008147137299631343,0.031706194123167476,0.5682880993303245,0.07625100766620123,0.5931348913241509,253365,256765,203260,181560,-11.951971799955938,1.324168013553249,320
s400,30,3027.9,-0.007205097833410809,-0.01024716451807049,-0.008374301489286515,-0.01533861969742203,00:00:37.652,00:00:36.355,00:00:33.973,00:00:25.126,0.009907856930545923,2.7428247116556435,2.7275826813640958,2.662393048049677,2.6558245243610137,345695,391815,304340,304180,-0.05260043395358012,11.7708612482932,392
s420,35,3716.06,-0.004173966845852967,0.0018196555888240061,-0.00498920363589169,0.056235129256053965,00:00:36.286,00:00:37.999,00:00:35.008,00:00:31.792,0.009418577740940674,-0.5929461534046266,0.3415681167919128,-0.6195168997598477,-0.06557599093791533,359205,396605,292460,314600,7.037507946598856,9.43003744279573,448
s444,30,3027.9,-0.010803164224527513,-0.0066797680388764585,-0.010005357936468375,-0.017500418276536357,00:00:34.101,00:00:35.130,00:00:32.764,00:00:25.450,0.009907856930545923,2.507689682441789,1.5192727506075974,2.5760856399420065,2.517804258571394,303400,308000,260960,255900,-1.9773348964439232,1.4935064935064934,397
s510,32,4384.2,-0.011722817492985333,-0.005598466293461486,-0.012255419248536643,0.057991446619531775,00:01:02.053,00:01:04.497,00:00:57.221,00:00:45.776,0.007298937092285936,0.6170450991479149,0.664981422082492,0.6047749139327332,1.0157657225070746,338350,359350,264040,285420,7.490715436900007,5.843884791985529,592
s526,30,3284.4,-0.005251299543842653,-0.007549544536542381,-0.008664069706908886,-0.006444539528881287,00:00:57.760,00:00:34.358,00:00:35.165,00:00:28.325,0.009134088417975885,4.966817320234625,4.714698542798932,4.979704789468957,4.923458669004648,320990,362510,285800,275900,-3.5882566147154766,11.453477145458056,407
s526a,30,3258.12,-0.005539791004950596,-0.0061930462511153575,-0.006116191060062068,-0.006919659485706933,00:00:41.854,00:00:35.389,00:00:34.328,00:00:26.950,0.009207763986593495,5.116605950418104,5.308767353757811,5.131179182340703,5.1053589467713545,320405,367605,270000,271680,0.6183745583038869,12.839868880999985,403
s5378,244,25984.9,-0.008931633463410768,-0.002753519712398938,-0.006925571423480263,0.004974021335600557,00:02:38.396,00:03:30.127,00:02:45.189,00:02:01.078,0.00939006884767692,-2.9916026058711482,-4.40152726724479,-3.3100003674838314,-2.709788026222136,2265860,2778020,2206360,2464680,10.480873784832108,18.436152367513554,3023
s5378a,244,25984.9,-0.008931633463410768,-0.002753519712398938,-0.006925571423480263,0.004974021335600557,00:02:41.257,00:03:42.327,00:02:46.649,00:02:02.933,0.00939006884767692,-2.9916026058711482,-4.40152726724479,-3.3100003674838314,-2.709788026222136,2265860,2778020,2206360,2464680,10.480873784832108,18.436152367513554,3023
s641,76,6831.55,-0.008352929695458044,-0.007288558851647443,-0.01678784936360349,0.05527328751146721,00:01:00.979,00:00:47.200,00:00:58.465,00:00:41.052,0.011124854535207968,-4.706121847646532,-4.237683213172041,-4.70878993569477,-4.372849761618457,704470,757190,604240,635200,4.8740554156171285,6.962585348459435,825
s713,75,6831.55,-0.014418799895505806,-0.008815726176361819,-0.008023831826076008,0.05680839293103217,00:00:53.435,00:00:51.683,00:00:49.810,00:00:37.482,0.010978474870271022,-4.066739948789851,-3.3404746581040343,-4.047105876088671,-3.706126177516451,672670,799510,604480,664100,8.977563619936756,15.864717139247789,833
s820,42,5371.4,-0.00898814381696241,-0.0073561714357593296,-0.011219525626113069,0.07134071313401646,00:01:21.856,00:01:05.061,00:01:11.549,00:00:50.334,0.00781919052760919,-0.7865726070890628,-1.26883396270028,-0.611690271304098,-0.0775690644783134,401550,426230,337300,361980,6.818056246201448,5.790301011191141,682
s820a,42,5371.4,-0.00898814381696241,-0.0073561714357593296,-0.011219525626113069,0.07134071313401646,00:01:26.639,00:01:22.412,00:01:21.722,00:00:49.569,0.00781919052760919,-0.7865726070890628,-1.26883396270028,-0.611690271304098,-0.0775690644783134,401550,426230,337300,361980,6.818056246201448,5.790301011191141,682
s832,42,5438.97,-0.007563672124930292,-0.00785108111855861,-0.008554601713584879,0.07074296904065293,00:01:11.302,00:01:34.316,00:01:12.231,00:01:05.154,0.00772205031467355,-1.6876909236711657,-2.731400960498375,-1.729521463886831,-1.3241417226376369,425270,594110,395220,443320,10.849950374447353,28.418979650233123,705
s832a,42,5438.97,-0.007563672124930292,-0.00785108111855861,-0.008554601713584879,0.07074296904065293,00:01:02.497,00:01:30.412,00:01:03.136,00:00:54.096,0.00772205031467355,-1.6876909236711657,-2.731400960498375,-1.729521463886831,-1.3241417226376369,425270,594110,395220,443320,10.849950374447353,28.418979650233123,705
s838,67,7567.26,-0.003141015314527857,0.000294875243680083,-0.0012171930474723608,0.05760270201646483,00:00:48.387,00:00:52.635,00:00:49.017,00:00:40.785,0.008853931277635499,-2.876899688793375,-2.278124420255398,-3.0060834672354857,-2.3473863517393143,830840,1050640,779760,924840,15.687037757882443,20.920581740653315,923
s9234,210,21823.4,-0.012814361046092132,-0.0054237171844432434,-0.012095769173080332,-0.022168434382320187,00:02:17.603,00:02:52.273,00:02:26.452,00:01:46.838,0.009622698571258373,-1.7105419786994824,-1.9326549796446153,-1.586959053530404,-1.2462982110198741,1996870,2522710,1953040,2264060,13.737268446949285,20.84425082550115,2531
s9234a,210,21823.4,-0.012814361046092132,-0.0054237171844432434,-0.012095769173080332,-0.022168434382320187,00:02:30.655,00:02:42.829,00:02:30.394,00:01:55.036,0.009622698571258373,-1.7105419786994824,-1.9326549796446153,-1.586959053530404,-1.2462982110198741,1996870,2522710,1953040,2264060,13.737268446949285,20.84425082550115,2531
s953,68,7767.45,-0.009422629609937562,-0.007308542866655883,-0.011900647470984044,-0.018246848992677967,00:01:38.859,00:01:29.601,00:01:44.980,00:01:20.662,0.008754481844105853,1.1151604399991606,0.9628209613221602,1.0189094301125132,0.9996892485666188,684270,760910,640900,671080,4.497228348334029,10.072150451433153,983
s953a,68,7767.45,-0.009422629609937562,-0.007308542866655883,-0.011900647470984044,-0.018246848992677967,00:01:39.384,00:00:41.914,00:00:49.594,00:00:38.168,0.008754481844105853,1.1151604399991606,0.9628209613221602,1.0189094301125132,0.9996892485666188,684270,760910,640900,671080,4.497228348334029,10.072150451433153,983
